{"cameraMode":{"drawMode":0,"name":"Shaded","section":"Shading Mode"},"sceneLighting":true,"audioPlay":false,"sceneViewState":{"m_AlwaysRefresh":false,"showFog":true,"showSkybox":true,"showFlares":true,"showImageEffects":true,"showParticleSystems":true,"showVisualEffectGraphs":true,"m_FxEnabled":true},"in2DMode":false,"pivot":{"x":-8.217329978942871,"y":3.288088798522949,"z":1.0295714139938355},"rotation":{"x":-0.01676059514284134,"y":0.753340482711792,"z":0.019214337691664697,"w":0.6571354866027832},"size":0.5569912791252136,"orthographic":false}