{"cameraMode":{"drawMode":0,"name":"Shaded","section":"Shading Mode"},"sceneLighting":true,"audioPlay":false,"sceneViewState":{"m_AlwaysRefresh":false,"showFog":true,"showSkybox":true,"showFlares":true,"showImageEffects":true,"showParticleSystems":true,"showVisualEffectGraphs":true,"m_FxEnabled":true},"in2DMode":false,"pivot":{"x":374.254638671875,"y":203.25135803222657,"z":27.80194091796875},"rotation":{"x":-0.0419648252427578,"y":0.032965000718832019,"z":0.0013853422133252025,"w":0.9985743165016174},"size":230.9304962158203,"orthographic":false}